{
  "n": 3,
  "run_ids": [
    "20260326_153737_baseline-refresh-seed-20260401",
    "20260326_154232_baseline-refresh-seed-20260411",
    "20260326_154727_baseline-refresh-seed-20260421"
  ],
  "metrics": {
    "search_score": {
      "mean": 0.443146,
      "std": 0.019616862848070266,
      "min": 0.422872,
      "max": 0.462032,
      "range": 0.03915999999999997,
      "values": [
        0.462032,
        0.422872,
        0.444534
      ]
    },
    "stance_f1": {
      "mean": 0.433782,
      "std": 0.05068941739653356,
      "min": 0.381938,
      "max": 0.483232,
      "range": 0.101294,
      "values": [
        0.483232,
        0.381938,
        0.436176
      ]
    },
    "behavior_f1": {
      "mean": 0.48307666666666665,
      "std": 0.014890492414065199,
      "min": 0.4699,
      "max": 0.499231,
      "range": 0.029330999999999996,
      "values": [
        0.480099,
        0.499231,
        0.4699
      ]
    },
    "substrate_f1": {
      "mean": 0.40666,
      "std": 0.022987828322832055,
      "min": 0.381931,
      "max": 0.427379,
      "range": 0.04544799999999999,
      "values": [
        0.381931,
        0.41067,
        0.427379
      ]
    },
    "readability_f1": {
      "mean": 0.490128,
      "std": 0.05870403544050444,
      "min": 0.427481,
      "max": 0.543872,
      "range": 0.11639100000000002,
      "values": [
        0.499031,
        0.543872,
        0.427481
      ]
    },
    "specie_f1": {
      "mean": 0.69305,
      "std": 0.039233581368516436,
      "min": 0.655699,
      "max": 0.733928,
      "range": 0.07822899999999999,
      "values": [
        0.733928,
        0.689523,
        0.655699
      ]
    },
    "stance_acc": {
      "mean": 0.5006343333333334,
      "std": 0.05578238758186435,
      "min": 0.459511,
      "max": 0.56413,
      "range": 0.10461900000000002,
      "values": [
        0.56413,
        0.459511,
        0.478262
      ]
    }
  },
  "proposed_rule": {
    "delta_to_keep_recommended": 0.02,
    "delta_to_keep_policy": "Empirical 3-seed baseline std on current baseline recipe, rounded up to nearest 0.001."
  }
}
