{
  "checkpoint": "/home/antoine/bird_stance_classification/data/birds_project/models/attributes/served/model_b/current/checkpoint.pt",
  "metric_summary_mean": {
    "behavior_accuracy": 0.25670151431189114,
    "behavior_f1": 0.17097640614161297,
    "readability_accuracy": 0.8765823749935485,
    "readability_f1": 0.5924177484924534,
    "specie_accuracy": 0.44715584223639204,
    "specie_f1": 0.3332340852521676,
    "stance_accuracy": 0.07337084850491007,
    "stance_f1": 0.052963342700129666,
    "substrate_accuracy": 0.39411487743733226,
    "substrate_f1": 0.3634210572567528
  },
  "search_score": 0.15045880464389927,
  "notes": "Current served Model B evaluated on the sandbox fixed 5-fold test splits using backend-equivalent semantics."
}
